RowNumber,ProductNumber,CoverDate,Title,Url,Version,PublicationDate
1,"R46336","5/8/2020","COVID-19: Potential Implications for International Security Environment-Overview of Issues and Further Reading for Congress","https://crsreports.congress.gov/product/pdf/download/R/R46336/R46336.pdf/","3","04/30/2020"
2,"IF11542","5/8/2020","The Army's AimPoint Force Structure Initiative","https://crsreports.congress.gov/product/pdf/download/IF/IF11542/IF11542.pdf/","1","05/08/2020"
3,"RS20643","5/7/2020","Navy Ford (CVN-78) Class Aircraft Carrier Program: Background and Issues for Congress","https://crsreports.congress.gov/product/pdf/download/RS/RS20643/RS20643.pdf/","227","01/03/2005"
4,"IF11069","5/7/2020","U.S.-Proposed Missile Technology Control Regime Changes","https://crsreports.congress.gov/product/pdf/download/IF/IF11069/IF11069.pdf/","4","01/11/2019"
5,"IF11537","5/6/2020","Intelligence Community Support to Pandemic Preparedness and Response","https://crsreports.congress.gov/product/pdf/download/IF/IF11537/IF11537.pdf/","2","05/06/2020"
6,"RL32665","5/6/2020","Navy Force Structure and Shipbuilding Plans: Background and Issues for Congress","https://crsreports.congress.gov/product/pdf/download/RL/RL32665/RL32665.pdf/","299","02/16/2005"
7,"R43543","5/6/2020","Navy LPD-17 Flight II and LHA Amphibious Ship Programs: Background and Issues for Congress","https://crsreports.congress.gov/product/pdf/download/R/R43543/R43543.pdf/","74","05/13/2014"
8,"R42567","5/5/2020","Coast Guard Cutter Procurement: Background and Issues for Congress","https://crsreports.congress.gov/product/pdf/download/R/R42567/R42567.pdf/","119","06/14/2012"
9,"R44972","5/4/2020","Navy Frigate (FFG[X]) Program: Background and Issues for Congress","https://crsreports.congress.gov/product/pdf/download/R/R44972/R44972.pdf/","56","09/28/2017"
10,"RL32572","5/4/2020","Nonstrategic Nuclear Weapons","https://crsreports.congress.gov/product/pdf/download/RL/RL32572/RL32572.pdf/","40","01/19/2005"
11,"LSB10456","5/1/2020","Executive Order on the Food Supply Chain and the Defense Production Act: FAQs","https://crsreports.congress.gov/product/pdf/download/LSB/LSB10456/LSB10456.pdf/","1","05/01/2020"
12,"R41129","5/1/2020","Navy Columbia (SSBN-826) Class Ballistic Missile Submarine Program: Background and Issues for Congress","https://crsreports.congress.gov/product/pdf/download/R/R41129/R41129.pdf/","179","03/22/2010"
13,"R43838","5/1/2020","Renewed Great Power Competition: Implications for Defense-Issues for Congress","https://crsreports.congress.gov/product/pdf/download/R/R43838/R43838.pdf/","58","12/31/2014"
14,"R44452","5/1/2020","The Selective Service System and Draft Registration: Issues for Congress","https://crsreports.congress.gov/product/pdf/download/R/R44452/R44452.pdf/","13","04/11/2016"
15,"R42784","5/1/2020","U.S.-China Strategic Competition in South and East China Seas: Background and Issues for Congress","https://crsreports.congress.gov/product/pdf/download/R/R42784/R42784.pdf/","105","10/24/2012"
16,"IF11525","4/30/2020","COVID-19: National Security and Defense Strategy","https://crsreports.congress.gov/product/pdf/download/IF/IF11525/IF11525.pdf/","1","04/30/2020"
17,"R46337","4/30/2020","Transfer of Defense Articles: Sale and Export of U.S.-Made Arms to Foreign Entities","https://crsreports.congress.gov/product/pdf/download/R/R46337/R46337.pdf/","2","04/30/2020"
18,"IF11367","4/29/2020","Army Future Vertical Lift (FVL) Program","https://crsreports.congress.gov/product/pdf/download/IF/IF11367/IF11367.pdf/","4","11/20/2019"
19,"IF10553","4/29/2020","Defense Primer: RDT&E","https://crsreports.congress.gov/product/pdf/download/IF/IF10553/IF10553.pdf/","11","12/15/2016"
20,"RL30563","4/29/2020","F-35 Joint Strike Fighter (JSF) Program","https://crsreports.congress.gov/product/pdf/download/RL/RL30563/RL30563.pdf/","72","01/18/2005"
21,"IF11521","4/28/2020","Air Force F-15EX Fighter Program","https://crsreports.congress.gov/product/pdf/download/IF/IF11521/IF11521.pdf/","2","04/28/2020"
22,"R41153","4/28/2020","Changes in the Arctic: Background and Issues for Congress","https://crsreports.congress.gov/product/pdf/download/R/R41153/R41153.pdf/","162","04/01/2010"
23,"RL33640","4/27/2020","U.S. Strategic Nuclear Forces: Background, Developments, and Issues","https://crsreports.congress.gov/product/pdf/download/RL/RL33640/RL33640.pdf/","63","09/13/2006"
24,"RL33153","4/24/2020","China Naval Modernization: Implications for U.S. Navy Capabilities-Background and Issues for Congress","https://crsreports.congress.gov/product/pdf/download/RL/RL33153/RL33153.pdf/","234","11/18/2005"
25,"RL34398","4/21/2020","Air Force KC-46A Pegasus Tanker Aircraft Program","https://crsreports.congress.gov/product/pdf/download/RL/RL34398/RL34398.pdf/","48","02/29/2008"
26,"IF11510","4/17/2020","Defense Primer: Department of Defense Civilian Employees","https://crsreports.congress.gov/product/pdf/download/IF/IF11510/IF11510.pdf/","2","04/17/2020"
27,"R40094","4/17/2020","Iran's Nuclear Program: Tehran's Compliance with International Obligations","https://crsreports.congress.gov/product/pdf/download/R/R40094/R40094.pdf/","101","01/02/2009"
28,"R45519","4/16/2020","The Army's Optionally Manned Fighting Vehicle (OMFV) Program: Background and Issues for Congress","https://crsreports.congress.gov/product/pdf/download/R/R45519/R45519.pdf/","11","02/22/2019"
29,"R45756","4/16/2020","U.S. Military Electronic Warfare Program Funding: Background and Issues for Congress","https://crsreports.congress.gov/product/pdf/download/R/R45756/R45756.pdf/","3","06/06/2019"
30,"R45996","4/15/2020","Precision-Guided Munitions: Background and Issues for Congress","https://crsreports.congress.gov/product/pdf/download/R/R45996/R45996.pdf/","6","11/06/2019"
31,"IN11310","4/15/2020","The National Cemetery Administration and Department of Defense Response to COVID-19 Regarding Funerals and Military Honors","https://crsreports.congress.gov/product/pdf/download/IN/IN11310/IN11310.pdf/","3","04/03/2020"
32,"RS22478","4/14/2020","Navy Ship Names: Background for Congress","https://crsreports.congress.gov/product/pdf/download/RS/RS22478/RS22478.pdf/","184","07/21/2006"
33,"IN11193","4/10/2020","Funding U.S.-Mexico Border Barrier Construction: Current Issues","https://crsreports.congress.gov/product/pdf/download/IN/IN11193/IN11193.pdf/","3","11/05/2019"
34,"IF10487","4/9/2020","Turkey-U.S. Relations: Timeline and Brief Historical Context","https://crsreports.congress.gov/product/pdf/download/IF/IF10487/IF10487.pdf/","5","10/14/2016"
35,"IF11426","4/7/2020","Department of Defense Counter-Unmanned Aircraft Systems","https://crsreports.congress.gov/product/pdf/download/IF/IF11426/IF11426.pdf/","3","02/13/2020"
36,"IF11493","4/6/2020","Defense Capabilities: Joint All Domain Command and Control","https://crsreports.congress.gov/product/pdf/download/IF/IF11493/IF11493.pdf/","1","04/06/2020"
37,"IF11495","4/6/2020","Defense Primer: The United States Space Force","https://crsreports.congress.gov/product/pdf/download/IF/IF11495/IF11495.pdf/","1","04/07/2020"
38,"R44442","4/6/2020","Energy and Water Development Appropriations: Nuclear Weapons Activities","https://crsreports.congress.gov/product/pdf/download/R/R44442/R44442.pdf/","21","04/01/2016"
39,"IN11273","4/3/2020","COVID-19: The Basics of Domestic Defense Response","https://crsreports.congress.gov/product/pdf/download/IN/IN11273/IN11273.pdf/","5","03/24/2020"
40,"IN11305","4/2/2020","COVID-19: Defense Support of Civil Authorities ","https://crsreports.congress.gov/product/pdf/download/IN/IN11305/IN11305.pdf/","2","04/02/2020"
41,"R44175","4/2/2020","Navy Lasers, Railgun, and Gun-Launched Guided Projectile: Background and Issues for Congress","https://crsreports.congress.gov/product/pdf/download/R/R44175/R44175.pdf/","54","09/02/2015"
42,"R41219","4/2/2020","The New START Treaty: Central Limits and Key Provisions","https://crsreports.congress.gov/product/pdf/download/R/R41219/R41219.pdf/","63","05/04/2010"
43,"IF11483","4/1/2020","The National Guard in the COVID-19 Pandemic Response: Framework for Action","https://crsreports.congress.gov/product/pdf/download/IF/IF11483/IF11483.pdf/","2","04/01/2020"
44,"IF11479","3/31/2020","Defense Primer: United States Transportation Command","https://crsreports.congress.gov/product/pdf/download/IF/IF11479/IF11479.pdf/","3","03/31/2020"
45,"RL33745","3/31/2020","Navy Aegis Ballistic Missile Defense (BMD) Program: Background and Issues for Congress","https://crsreports.congress.gov/product/pdf/download/RL/RL33745/RL33745.pdf/","204","12/07/2006"
46,"IF11480","3/31/2020","Overview: The Department of Defense and COVID-19 ","https://crsreports.congress.gov/product/pdf/download/IF/IF11480/IF11480.pdf/","1","03/31/2020"
47,"IN11288","3/30/2020","COVID-19 and the Defense Industrial Base: DOD Response and Legislative Considerations","https://crsreports.congress.gov/product/pdf/download/IN/IN11288/IN11288.pdf/","3","03/27/2020"
48,"R45757","3/30/2020","Navy Large Unmanned Surface and Undersea Vehicles: Background and Issues for Congress","https://crsreports.congress.gov/product/pdf/download/R/R45757/R45757.pdf/","15","06/07/2019"
49,"IF11251","3/27/2020","National Security Implications of Fifth Generation (5G) Mobile Technologies ","https://crsreports.congress.gov/product/pdf/download/IF/IF11251/IF11251.pdf/","8","06/12/2019"
50,"RL33865","3/26/2020","Arms Control and Nonproliferation: A Catalog of Treaties and Agreements","https://crsreports.congress.gov/product/pdf/download/RL/RL33865/RL33865.pdf/","51","02/07/2007"
51,"IN11281","3/26/2020","New U.S. Marine Corps Force Design Initiatives ","https://crsreports.congress.gov/product/pdf/download/IN/IN11281/IN11281.pdf/","2","03/26/2020"
52,"IN11276","3/25/2020","Comparison of the FY2020 and FY2021 Precision-Guided Munitions Procurement Requests","https://crsreports.congress.gov/product/pdf/download/IN/IN11276/IN11276.pdf/","2","03/25/2020"
53,"R40589","3/25/2020","Concurrent Receipt of Military Retired Pay and Veteran Disability: Background and Issues for Congress","https://crsreports.congress.gov/product/pdf/download/R/R40589/R40589.pdf/","20","05/21/2009"
54,"IN11280","3/25/2020","COVID-19: Industrial Mobilization and Defense Production Act (DPA) Implementation","https://crsreports.congress.gov/product/pdf/download/IN/IN11280/IN11280.pdf/","2","03/25/2020"
55,"IN11274","3/24/2020","FY2020 Defense Reprogrammings for Wall Funding: Backgrounder","https://crsreports.congress.gov/product/pdf/download/IN/IN11274/IN11274.pdf/","2","03/24/2020"
56,"RL34391","3/22/2020","Coast Guard Polar Security Cutter (Polar Icebreaker) Program: Background and Issues for Congress","https://crsreports.congress.gov/product/pdf/download/RL/RL34391/RL34391.pdf/","195","02/26/2008"
57,"RL32109","3/22/2020","Navy DDG-51 and DDG-1000 Destroyer Programs: Background and Issues for Congress","https://crsreports.congress.gov/product/pdf/download/RL/RL32109/RL32109.pdf/","230","01/25/2005"
58,"R43546","3/22/2020","Navy John Lewis (TAO-205) Class Oiler Shipbuilding Program: Background and Issues for Congress","https://crsreports.congress.gov/product/pdf/download/R/R43546/R43546.pdf/","73","05/14/2014"
59,"RL32418","3/22/2020","Navy Virginia (SSN-774) Class Attack Submarine Procurement: Background and Issues for Congress","https://crsreports.congress.gov/product/pdf/download/RL/RL32418/RL32418.pdf/","188","01/18/2005"
60,"IF11469","3/20/2020","The Cyberspace Solarium Commission: Illuminating Options for Layered Deterrence","https://crsreports.congress.gov/product/pdf/download/IF/IF11469/IF11469.pdf/","2","03/20/2020"
61,"IF11466","3/19/2020","Defense Primer: Department of Defense Maintenance Depots","https://crsreports.congress.gov/product/pdf/download/IF/IF11466/IF11466.pdf/","2","03/19/2020"
62,"IN11231","3/18/2020","The Defense Production Act (DPA) and COVID-19: Key Authorities and Policy Considerations","https://crsreports.congress.gov/product/pdf/download/IN/IN11231/IN11231.pdf/","3","03/06/2020"
63,"R46274","3/18/2020","The Palestinians and Amendments to the Anti-Terrorism Act: U.S. Aid and Personal Jurisdiction","https://crsreports.congress.gov/product/pdf/download/R/R46274/R46274.pdf/","2","03/18/2020"
64,"IF10484","3/17/2020","Defense Primer: Department of the Navy","https://crsreports.congress.gov/product/pdf/download/IF/IF10484/IF10484.pdf/","12","10/14/2016"
65,"IF10485","3/17/2020","Defense Primer: Geography, Strategy, and U.S. Force Design","https://crsreports.congress.gov/product/pdf/download/IF/IF10485/IF10485.pdf/","10","10/14/2016"
66,"IF10486","3/17/2020","Defense Primer: Naval Forces","https://crsreports.congress.gov/product/pdf/download/IF/IF10486/IF10486.pdf/","13","10/14/2016"
67,"R45811","3/17/2020","Hypersonic Weapons: Background and Issues for Congress","https://crsreports.congress.gov/product/pdf/download/R/R45811/R45811.pdf/","8","07/11/2019"
68,"R41909","3/17/2020","Multiyear Procurement (MYP) and Block Buy Contracting in Defense Acquisition: Background and Issues for Congress","https://crsreports.congress.gov/product/pdf/download/R/R41909/R41909.pdf/","88","07/11/2011"
69,"IF11464","3/17/2020","United States Southern Command (SOUTHCOM)","https://crsreports.congress.gov/product/pdf/download/IF/IF11464/IF11464.pdf/","1","03/17/2020"
70,"IF11458","3/12/2020","Military Health System Reform: Military Treatment Facilities","https://crsreports.congress.gov/product/pdf/download/IF/IF11458/IF11458.pdf/","1","03/13/2020"
71,"R44413","3/11/2020","Energy and Water Development Appropriations for Defense Nuclear Nonproliferation: In Brief","https://crsreports.congress.gov/product/pdf/download/R/R44413/R44413.pdf/","10","03/11/2016"
72,"RS21048","3/11/2020","U.S. Special Operations Forces (SOF): Background and Issues for Congress","https://crsreports.congress.gov/product/pdf/download/RS/RS21048/RS21048.pdf/","64","02/09/2005"
73,"IF10550","3/5/2020","Defense Primer: The Military Departments","https://crsreports.congress.gov/product/pdf/download/IF/IF10550/IF10550.pdf/","7","12/14/2016"
74,"R42747","3/4/2020","Health Care for Veterans: Answers to Frequently Asked Questions","https://crsreports.congress.gov/product/pdf/download/R/R42747/R42747.pdf/","28","09/21/2012"
75,"RS22937","3/4/2020","Nuclear Cooperation with Other Countries: A Primer","https://crsreports.congress.gov/product/pdf/download/RS/RS22937/RS22937.pdf/","73","08/12/2008"
76,"RL31675","3/3/2020","Arms Sales: Congressional Review Process","https://crsreports.congress.gov/product/pdf/download/RL/RL31675/RL31675.pdf/","39","12/20/2002"
77,"98-756","3/3/2020","Defense Authorization and Appropriations Bills: FY1961-FY2020","https://crsreports.congress.gov/product/pdf/download/RL/98-756/98-756.pdf/","52","12/14/2004"
78,"IF11442","3/2/2020","FY2021 Budget Request for the Military Health System","https://crsreports.congress.gov/product/pdf/download/IF/IF11442/IF11442.pdf/","3","03/02/2020"
79,"R43767","3/2/2020","The Defense Production Act of 1950: History, Authorities, and Considerations for Congress","https://crsreports.congress.gov/product/pdf/download/R/R43767/R43767.pdf/","9","10/24/2014"
80,"IF11441","3/2/2020","Transfer of Defense Articles: Direct Commercial Sales (DCS)","https://crsreports.congress.gov/product/pdf/download/IF/IF11441/IF11441.pdf/","3","03/02/2020"
81,"IF11440","2/28/2020","New U.S. Antipersonnel Landmine Use Policy","https://crsreports.congress.gov/product/pdf/download/IF/IF11440/IF11440.pdf/","1","02/28/2020"
82,"R46107","2/25/2020","FY2020 National Defense Authorization Act: Selected Military Personnel Issues","https://crsreports.congress.gov/product/pdf/download/R/R46107/R46107.pdf/","5","12/09/2019"
83,"IF11437","2/21/2020","Transfer of Defense Articles: Foreign Military Sales (FMS)","https://crsreports.congress.gov/product/pdf/download/IF/IF11437/IF11437.pdf/","1","02/21/2020"
84,"R42723","2/20/2020","Marine Corps Amphibious Combat Vehicle (ACV): Background and Issues for Congress","https://crsreports.congress.gov/product/pdf/download/R/R42723/R42723.pdf/","48","09/12/2012"
85,"R43240","2/19/2020","The Army's Armored Multi-Purpose Vehicle (AMPV): Background and Issues for Congress","https://crsreports.congress.gov/product/pdf/download/R/R43240/R43240.pdf/","32","09/24/2013"
86,"IF10542","2/18/2020","Defense Primer: Commanding U.S. Military Operations","https://crsreports.congress.gov/product/pdf/download/IF/IF10542/IF10542.pdf/","8","12/13/2016"
87,"RS22942","2/18/2020","Joint Light Tactical Vehicle (JLTV): Background and Issues for Congress","https://crsreports.congress.gov/product/pdf/download/RS/RS22942/RS22942.pdf/","60","08/28/2008"
88,"R41464","2/14/2020","Conventional Prompt Global Strike and Long-Range Ballistic Missiles: Background and Issues","https://crsreports.congress.gov/product/pdf/download/R/R41464/R41464.pdf/","49","10/27/2010"
89,"IF11243","2/14/2020","Defense Primer: DOD Transfer and Reprogramming Authorities","https://crsreports.congress.gov/product/pdf/download/IF/IF11243/IF11243.pdf/","3","06/07/2019"
90,"IN11221","2/13/2020","Management of Mild Traumatic Brain Injury (mTBI) in the Military","https://crsreports.congress.gov/product/pdf/download/IN/IN11221/IN11221.pdf/","2","02/13/2020"
91,"IF11428","2/13/2020","United States Central Command","https://crsreports.congress.gov/product/pdf/download/IF/IF11428/IF11428.pdf/","1","02/13/2020"
92,"IF10599","2/7/2020","Defense Primer: Procurement","https://crsreports.congress.gov/product/pdf/download/IF/IF10599/IF10599.pdf/","5","02/10/2017"
93,"R46216","2/7/2020","The Army's Modernization Strategy: Congressional Oversight Considerations","https://crsreports.congress.gov/product/pdf/download/R/R46216/R46216.pdf/","4","02/07/2020"
94,"IF10548","2/6/2020","Defense Primer: U.S. Defense Industrial Base","https://crsreports.congress.gov/product/pdf/download/IF/IF10548/IF10548.pdf/","8","12/14/2016"
95,"IF10834","2/4/2020","Defense Primer: Under Secretary of Defense for Research and Engineering","https://crsreports.congress.gov/product/pdf/download/IF/IF10834/IF10834.pdf/","7","02/22/2018"
96,"R44384","2/3/2020","IAEA Budget and U.S. Contributions: In Brief","https://crsreports.congress.gov/product/pdf/download/R/R44384/R44384.pdf/","5","02/18/2016"
97,"R46211","2/3/2020","National Security Space Launch","https://crsreports.congress.gov/product/pdf/download/R/R46211/R46211.pdf/","2","02/04/2020"
98,"R45306","2/3/2020","The U.S. Nuclear Weapons Complex: Overview of Department of Energy Sites","https://crsreports.congress.gov/product/pdf/download/R/R45306/R45306.pdf/","4","09/06/2018"
99,"IF10600","1/31/2020","Defense Primer: Department of Defense Contractors","https://crsreports.congress.gov/product/pdf/download/IF/IF10600/IF10600.pdf/","7","02/10/2017"
100,"IF11226","1/30/2020","Defense Primer: Acquiring Specialty Metals, Rare Earth Magnets, and Tungsten","https://crsreports.congress.gov/product/pdf/download/IF/IF11226/IF11226.pdf/","3","05/24/2019"
101,"IF10574","1/29/2020","Defense Primer: Intelligence Support to Military Operations","https://crsreports.congress.gov/product/pdf/download/IF/IF10574/IF10574.pdf/","8","12/30/2016"
102,"IF10516","1/29/2020","Defense Primer: Navigating the NDAA","https://crsreports.congress.gov/product/pdf/download/IF/IF10516/IF10516.pdf/","7","11/28/2016"
103,"IF10609","1/29/2020","Defense Primer: The Berry and Kissell Amendments","https://crsreports.congress.gov/product/pdf/download/IF/IF10609/IF10609.pdf/","7","03/01/2017"
104,"IF10523","1/29/2020","Defense Primer: Under Secretary of Defense for Intelligence and Security","https://crsreports.congress.gov/product/pdf/download/IF/IF10523/IF10523.pdf/","11","12/05/2016"
105,"R41916","1/28/2020","The U.S. Export Control System and the Export Control Reform Initiative","https://crsreports.congress.gov/product/pdf/download/R/R41916/R41916.pdf/","55","07/14/2011"
106,"IF10337","1/27/2020","Challenges to the United States in Space","https://crsreports.congress.gov/product/pdf/download/IF/IF10337/IF10337.pdf/","4","12/11/2015"
107,"IF10429","1/27/2020","Defense Primer: Planning, Programming, Budgeting and Execution (PPBE) Process","https://crsreports.congress.gov/product/pdf/download/IF/IF10429/IF10429.pdf/","8","06/28/2016"
108,"IF10524","1/24/2020","Defense Primer: Budgeting for National and Defense Intelligence","https://crsreports.congress.gov/product/pdf/download/IF/IF10524/IF10524.pdf/","9","12/05/2016"
109,"IF10525","1/24/2020","Defense Primer: National and Defense Intelligence","https://crsreports.congress.gov/product/pdf/download/IF/IF10525/IF10525.pdf/","9","12/05/2016"
110,"IF10543","1/24/2020","Defense Primer: The Department of Defense","https://crsreports.congress.gov/product/pdf/download/IF/IF10543/IF10543.pdf/","5","12/13/2016"
111,"IF10547","1/21/2020","Defense Primer: The United States Air Force","https://crsreports.congress.gov/product/pdf/download/IF/IF10547/IF10547.pdf/","4","12/13/2016"
112,"IF10546","1/21/2020","Defense Primer: United States Airpower","https://crsreports.congress.gov/product/pdf/download/IF/IF10546/IF10546.pdf/","6","12/13/2016"
113,"IF11147","1/16/2020","Defense Primer: Active Duty Enlisted Recruiting ","https://crsreports.congress.gov/product/pdf/download/IF/IF11147/IF11147.pdf/","3","03/25/2019"
114,"IF11274","1/16/2020","Defense Primer: Active Duty Enlisted Retention ","https://crsreports.congress.gov/product/pdf/download/IF/IF11274/IF11274.pdf/","3","07/26/2019"
115,"IF11386","1/16/2020","Department of Defense Global Health Engagement","https://crsreports.congress.gov/product/pdf/download/IF/IF11386/IF11386.pdf/","4","12/13/2019"
116,"IN11210","1/16/2020","Possible Use of FY2020 Defense Funds for Border Barrier Construction: Context and Questions","https://crsreports.congress.gov/product/pdf/download/IN/IN11210/IN11210.pdf/","2","01/17/2020"
117,"IN11112","1/15/2020","The Kiddie Tax and Military Survivors' Benefits","https://crsreports.congress.gov/product/pdf/download/IN/IN11112/IN11112.pdf/","8","05/03/2019"
118,"IF11407","1/14/2020","Defender Europe 20 Military Exercise, Historical (REFORGER) Exercises, and U.S. Force Posture in Europe","https://crsreports.congress.gov/product/pdf/download/IF/IF11407/IF11407.pdf/","2","01/14/2020"
119,"IF10771","1/14/2020","Defense Primer: Information Operations","https://crsreports.congress.gov/product/pdf/download/IF/IF10771/IF10771.pdf/","6","11/08/2017"
120,"IF11406","1/13/2020","Iranian Offensive Cyberattack Capabilities","https://crsreports.congress.gov/product/pdf/download/IF/IF11406/IF11406.pdf/","2","01/13/2020"
121,"IF11143","1/10/2020","A Low-Yield, Submarine-Launched Nuclear Warhead: Overview of the Expert Debate","https://crsreports.congress.gov/product/pdf/download/IF/IF11143/IF11143.pdf/","3","03/21/2019"
122,"IF10349","1/10/2020","Congressionally Directed Medical Research Programs Funding for FY2020","https://crsreports.congress.gov/product/pdf/download/IF/IF10349/IF10349.pdf/","8","02/02/2016"
123,"IF10521","1/10/2020","Defense Primer: Command and Control of Nuclear Forces","https://crsreports.congress.gov/product/pdf/download/IF/IF10521/IF10521.pdf/","5","12/01/2016"
124,"IF10519","1/10/2020","Defense Primer: Strategic Nuclear Forces","https://crsreports.congress.gov/product/pdf/download/IF/IF10519/IF10519.pdf/","6","11/29/2016"
125,"IF11403","1/9/2020","The 2019-2020 Iran Crisis and U.S. Military Deployments ","https://crsreports.congress.gov/product/pdf/download/IF/IF11403/IF11403.pdf/","4","01/08/2020"
126,"IF10515","1/8/2020","Defense Primer: The NDAA Process","https://crsreports.congress.gov/product/pdf/download/IF/IF10515/IF10515.pdf/","11","11/28/2016"
127,"IF11401","1/8/2020","FY2020 Military Construction Appropriations: An Overview of P.L. 116-94 (Division F) ","https://crsreports.congress.gov/product/pdf/download/IF/IF11401/IF11401.pdf/","3","01/08/2020"
128,"IF10260","1/6/2020","Defense Primer: Military Pay Raise","https://crsreports.congress.gov/product/pdf/download/IF/IF10260/IF10260.pdf/","18","07/17/2015"
129,"IF10540","1/6/2020","Defense Primer: Reserve Forces","https://crsreports.congress.gov/product/pdf/download/IF/IF10540/IF10540.pdf/","7","12/09/2016"
130,"IF10544","1/2/2020","Defense Primer: Department of the Army and Army Command Structure","https://crsreports.congress.gov/product/pdf/download/IF/IF10544/IF10544.pdf/","6","12/13/2016"
131,"IF10571","1/2/2020","Defense Primer: Organization of U.S. Ground Forces","https://crsreports.congress.gov/product/pdf/download/IF/IF10571/IF10571.pdf/","4","12/29/2016"
132,"IF10545","1/2/2020","Defense Primer: Special Operations Forces","https://crsreports.congress.gov/product/pdf/download/IF/IF10545/IF10545.pdf/","7","12/13/2016"
133,"R46144","1/2/2020","FY2020 National Defense Authorization Act: P.L. 116-92 (H.R. 2500, S. 1790)","https://crsreports.congress.gov/product/pdf/download/R/R46144/R46144.pdf/","4","01/02/2020"
134,"R45861","1/2/2020","Russia's Nuclear Weapons: Doctrine, Forces, and Modernization","https://crsreports.congress.gov/product/pdf/download/R/R45861/R45861.pdf/","4","08/07/2019"
135,"IF11051","1/2/2020","U.S. Withdrawal from the INF Treaty: What's Next?","https://crsreports.congress.gov/product/pdf/download/IF/IF11051/IF11051.pdf/","8","12/20/2018"
136,"IF10483","12/31/2019","Defense Primer: Military Retirement","https://crsreports.congress.gov/product/pdf/download/IF/IF10483/IF10483.pdf/","9","10/13/2016"
137,"IF11118","12/30/2019","Defense Primer: Electronic Warfare","https://crsreports.congress.gov/product/pdf/download/IF/IF11118/IF11118.pdf/","7","02/26/2019"
138,"IF10685","12/27/2019","Defense Primer: Military Officers","https://crsreports.congress.gov/product/pdf/download/IF/IF10685/IF10685.pdf/","8","07/03/2017"
139,"IF10684","12/26/2019","Defense Primer: Military Enlisted Personnel","https://crsreports.congress.gov/product/pdf/download/IF/IF10684/IF10684.pdf/","9","07/03/2017"
140,"IF10532","12/26/2019","Defense Primer: Regular Military Compensation","https://crsreports.congress.gov/product/pdf/download/IF/IF10532/IF10532.pdf/","6","12/07/2016"
141,"IF10514","12/23/2019","Defense Primer: Defense Appropriations Process","https://crsreports.congress.gov/product/pdf/download/IF/IF10514/IF10514.pdf/","8","11/23/2016"
142,"RL34544","12/20/2019","Iran's Nuclear Program: Status","https://crsreports.congress.gov/product/pdf/download/RL/RL34544/RL34544.pdf/","55","06/25/2008"
143,"IF11105","12/19/2019","Defense Primer: Emerging Technologies","https://crsreports.congress.gov/product/pdf/download/IF/IF11105/IF11105.pdf/","5","02/12/2019"
144,"IN11207","12/19/2019","Foreign Interference in NIH Research: Policy Implications","https://crsreports.congress.gov/product/pdf/download/IN/IN11207/IN11207.pdf/","2","12/19/2019"
145,"IF10530","12/18/2019","Defense Primer: Military Health System","https://crsreports.congress.gov/product/pdf/download/IF/IF10530/IF10530.pdf/","8","12/06/2016"
146,"RS22373","12/17/2019","Navy Irregular Warfare and Counterterrorism Operations: Background and Issues for Congress","https://crsreports.congress.gov/product/pdf/download/RS/RS22373/RS22373.pdf/","126","02/06/2006"
147,"RL33741","12/17/2019","Navy Littoral Combat Ship (LCS) Program: Background and Issues for Congress","https://crsreports.congress.gov/product/pdf/download/RL/RL33741/RL33741.pdf/","257","12/04/2006"
148,"TE10044","12/16/2019","U.S. Counterterrorism Priorities and Challenges in Africa","https://crsreports.congress.gov/product/pdf/download/TE/TE10044/TE10044.pdf/","1","12/17/2019"
149,"IF11385","12/12/2019","The Uniformed Services University of the Health Sciences ","https://crsreports.congress.gov/product/pdf/download/IF/IF11385/IF11385.pdf/","2","12/12/2019"
150,"R44710","11/26/2019","Military Construction: Authorities, Process, and Frequently Asked Questions","https://crsreports.congress.gov/product/pdf/download/R/R44710/R44710.pdf/","10","12/14/2016"
151,"R45178","11/21/2019","Artificial Intelligence and National Security","https://crsreports.congress.gov/product/pdf/download/R/R45178/R45178.pdf/","7","04/26/2018"
152,"IF10954","11/19/2019","Air Force OA-X Light Attack Aircraft Program","https://crsreports.congress.gov/product/pdf/download/IF/IF10954/IF10954.pdf/","3","08/23/2018"
153,"IF11362","11/14/2019","Defense Primer: Arlington National Cemetery","https://crsreports.congress.gov/product/pdf/download/IF/IF11362/IF11362.pdf/","2","11/14/2019"
154,"R44463","11/13/2019","Air Force B-21 Raider Long-Range Strike Bomber","https://crsreports.congress.gov/product/pdf/download/R/R44463/R44463.pdf/","9","04/14/2016"
155,"IF11264","11/13/2019","DOD's Cloud Strategy and the JEDI Cloud Procurement","https://crsreports.congress.gov/product/pdf/download/IF/IF11264/IF11264.pdf/","9","07/08/2019"
156,"IF11353","11/6/2019","Defense Primer: U.S. Precision-Guided Munitions","https://crsreports.congress.gov/product/pdf/download/IF/IF11353/IF11353.pdf/","3","11/06/2019"
157,"R45987","10/28/2019","MHS Genesis: Background and Issues for Congress","https://crsreports.congress.gov/product/pdf/download/R/R45987/R45987.pdf/","2","10/28/2019"
158,"IF11340","10/23/2019","FY2020 Defense Appropriations: Selected Issues Raised by H.R. 2740 (Div. C) and S. 2474","https://crsreports.congress.gov/product/pdf/download/IF/IF11340/IF11340.pdf/","2","10/23/2019"
159,"R45968","10/17/2019","Limits on TRICARE for Reservists: Frequently Asked Questions","https://crsreports.congress.gov/product/pdf/download/R/R45968/R45968.pdf/","3","10/17/2019"
160,"IN10502","10/11/2019","The Open Skies Treaty: Background and Issues","https://crsreports.congress.gov/product/pdf/download/IN/IN10502/IN10502.pdf/","5","06/10/2016"
161,"IF11324","10/2/2019","Defense Primer: Defense Support of Civil Authorities","https://crsreports.congress.gov/product/pdf/download/IF/IF11324/IF11324.pdf/","3","10/02/2019"
162,"R44039","9/30/2019","The Defense Budget and the Budget Control Act: Frequently Asked Questions","https://crsreports.congress.gov/product/pdf/download/R/R44039/R44039.pdf/","21","05/19/2015"
163,"R45937","9/27/2019","Military Funding for Southwest Border Barriers","https://crsreports.congress.gov/product/pdf/download/R/R45937/R45937.pdf/","3","09/30/2019"
164,"R45345","9/23/2019","Intelligence Community Whistleblower Protections","https://crsreports.congress.gov/product/pdf/download/R/R45345/R45345.pdf/","7","10/18/2018"
165,"R44856","9/18/2019","Air Force T-7A Red Hawk Trainer","https://crsreports.congress.gov/product/pdf/download/R/R44856/R44856.pdf/","17","05/31/2017"
166,"IF11309","9/13/2019","Department of Defense Outleasing and Enhanced Use Leases","https://crsreports.congress.gov/product/pdf/download/IF/IF11309/IF11309.pdf/","3","09/13/2019"
167,"R44519","9/6/2019","Overseas Contingency Operations Funding: Background and Status","https://crsreports.congress.gov/product/pdf/download/R/R44519/R44519.pdf/","12","06/13/2016"
168,"RS21405","8/27/2019","U.S. Periods of War and Dates of Recent Conflicts","https://crsreports.congress.gov/product/pdf/download/RS/RS21405/RS21405.pdf/","30","05/19/2005"
169,"IF11294","8/16/2019","International Discussions Concerning Lethal Autonomous Weapon Systems","https://crsreports.congress.gov/product/pdf/download/IF/IF11294/IF11294.pdf/","1","08/16/2019"
170,"R45870","8/15/2019","Defense Spending Under an Interim Continuing Resolution: In Brief","https://crsreports.congress.gov/product/pdf/download/R/R45870/R45870.pdf/","2","08/15/2019"
171,"IF11292","8/13/2019","Convergence of Cyberspace Operations and Electronic Warfare","https://crsreports.congress.gov/product/pdf/download/IF/IF11292/IF11292.pdf/","2","08/13/2019"
172,"R45196","8/9/2019","Covert Action and Clandestine Activities of the Intelligence Community: Framework for Congressional Oversight In Brief","https://crsreports.congress.gov/product/pdf/download/R/R45196/R45196.pdf/","5","05/15/2018"
173,"R43832","8/2/2019","Russian Compliance with the Intermediate Range Nuclear Forces (INF) Treaty: Background and Issues for Congress","https://crsreports.congress.gov/product/pdf/download/R/R43832/R43832.pdf/","38","12/17/2014"
174,"R45847","8/2/2019","The Department of Defense's JEDI Cloud Program","https://crsreports.congress.gov/product/pdf/download/R/R45847/R45847.pdf/","5","08/01/2019"
175,"IF11275","7/26/2019","Military Installations and Sea-Level Rise","https://crsreports.congress.gov/product/pdf/download/IF/IF11275/IF11275.pdf/","3","07/26/2019"
176,"R45818","7/18/2019","Afghanistan: Background and U.S. Policy","https://crsreports.congress.gov/product/pdf/download/R/R45818/R45818.pdf/","2","07/19/2019"
177,"RL34751","7/12/2019","Military Retirement: Background and Recent Developments","https://crsreports.congress.gov/product/pdf/download/RL/RL34751/RL34751.pdf/","36","11/20/2008"
178,"R44968","7/8/2019","Infantry Brigade Combat Team (IBCT) Mobility, Reconnaissance, and Firepower Programs","https://crsreports.congress.gov/product/pdf/download/R/R44968/R44968.pdf/","11","09/26/2017"
179,"R45191","7/2/2019","Covert Action and Clandestine Activities of the Intelligence Community: Selected Congressional Notification Requirements in Brief","https://crsreports.congress.gov/product/pdf/download/R/R45191/R45191.pdf/","7","05/07/2018"
180,"IF11258","6/26/2019","FY2020 National Defense Authorization Act (H.R. 2500, S. 1790)","https://crsreports.congress.gov/product/pdf/download/IF/IF11258/IF11258.pdf/","2","06/26/2019"
181,"R45175","6/14/2019","Covert Action and Clandestine Activities of the Intelligence Community: Selected Definitions in Brief","https://crsreports.congress.gov/product/pdf/download/R/R45175/R45175.pdf/","6","04/25/2018"
182,"IF11244","6/7/2019","FY2020 National Security Space Budget Request: An Overview","https://crsreports.congress.gov/product/pdf/download/IF/IF11244/IF11244.pdf/","2","06/07/2019"
183,"IF10472","6/6/2019","North Korea's Nuclear and Ballistic Missile Programs","https://crsreports.congress.gov/product/pdf/download/IF/IF10472/IF10472.pdf/","16","09/19/2016"
184,"R44321","6/5/2019","Diversity, Inclusion, and Equal Opportunity in the Armed Services: Background and Issues for Congress","https://crsreports.congress.gov/product/pdf/download/R/R44321/R44321.pdf/","15","12/23/2015"
185,"IF11238","5/31/2019","HIV/AIDS in the Military","https://crsreports.congress.gov/product/pdf/download/IF/IF11238/IF11238.pdf/","2","06/03/2019"
186,"LSB10304","5/29/2019","Waiver of Congressional Notification Period in the Arms Export Control Act","https://crsreports.congress.gov/product/pdf/download/LSB/LSB10304/LSB10304.pdf/","1","06/03/2019"
187,"IF11228","5/28/2019","Defense Primer: 75th Anniversary of D-Day, June 6, 1944","https://crsreports.congress.gov/product/pdf/download/IF/IF11228/IF11228.pdf/","2","05/28/2019"
188,"IF10899","5/20/2019","Recent Trends in Active-Duty Military Deaths","https://crsreports.congress.gov/product/pdf/download/IF/IF10899/IF10899.pdf/","4","06/01/2018"
189,"R43168","5/16/2019","Military Sexual Assault: Chronology of Activity in the 113th-114th Congresses and Related Resources","https://crsreports.congress.gov/product/pdf/download/R/R43168/R43168.pdf/","6","07/31/2013"
190,"R44572","5/14/2019","U.S. Airborne Electronic Attack Programs: Background and Issues for Congress","https://crsreports.congress.gov/product/pdf/download/R/R44572/R44572.pdf/","8","07/26/2016"
191,"R44116","5/10/2019","Department of Defense Contractor and Troop Levels in Afghanistan and Iraq: 2007-2018","https://crsreports.congress.gov/product/pdf/download/R/R44116/R44116.pdf/","13","07/22/2015"
192,"IF11206","5/8/2019","FY2020 Budget Request for the Military Health System","https://crsreports.congress.gov/product/pdf/download/IF/IF11206/IF11206.pdf/","2","05/08/2019"
193,"IF11203","5/7/2019","Proposed Civilian Personnel System Supporting 'Space Force'","https://crsreports.congress.gov/product/pdf/download/IF/IF11203/IF11203.pdf/","2","05/07/2019"
194,"RL33446","5/6/2019","Military Pay: Key Questions and Answers","https://crsreports.congress.gov/product/pdf/download/RL/RL33446/RL33446.pdf/","25","06/01/2006"
195,"IF11197","5/6/2019","U.S. Arms Sales and Human Rights: Legislative Basis and Frequently Asked Questions","https://crsreports.congress.gov/product/pdf/download/IF/IF11197/IF11197.pdf/","4","05/03/2019"
196,"IF11200","5/3/2019","Defense Primer: Gold Star Designation","https://crsreports.congress.gov/product/pdf/download/IF/IF11200/IF11200.pdf/","3","05/03/2019"
197,"R42704","5/2/2019","The Purple Heart: Background and Issues for Congress","https://crsreports.congress.gov/product/pdf/download/R/R42704/R42704.pdf/","19","09/07/2012"
198,"R45705","4/25/2019","Base Closure and Realignment (BRAC): Background and Issues for Congress","https://crsreports.congress.gov/product/pdf/download/R/R45705/R45705.pdf/","2","04/26/2019"
199,"IF10428","4/24/2019","Intelligence Planning, Programming, Budgeting, and Evaluation (IPPBE) Process ","https://crsreports.congress.gov/product/pdf/download/IF/IF10428/IF10428.pdf/","7","06/28/2016"
200,"IF11183","4/18/2019","Nuclear Cooperation: Part 810 Authorizations","https://crsreports.congress.gov/product/pdf/download/IF/IF11183/IF11183.pdf/","3","04/18/2019"
201,"IF11172","4/8/2019","'Space Force' and Related DOD Proposals: Issues for Congress","https://crsreports.congress.gov/product/pdf/download/IF/IF11172/IF11172.pdf/","2","04/08/2019"
202,"R45283","3/25/2019","The Servicemembers Civil Relief Act (SCRA): Section-by-Section Summary","https://crsreports.congress.gov/product/pdf/download/R/R45283/R45283.pdf/","5","08/07/2018"
203,"IF11139","3/19/2019","Evaluating DOD Strategy: Key Findings of the National Defense Strategy Commission","https://crsreports.congress.gov/product/pdf/download/IF/IF11139/IF11139.pdf/","2","03/19/2019"
204,"IF10538","3/19/2019","U.S. Intelligence Community (IC): Appointment Dates and Appointment Legal Provisions for Selected IC Leadership","https://crsreports.congress.gov/product/pdf/download/IF/IF10538/IF10538.pdf/","6","12/08/2016"
205,"R45521","2/22/2019","Department of Defense Use of Other Transaction Authority: Background, Analysis, and Issues for Congress","https://crsreports.congress.gov/product/pdf/download/R/R45521/R45521.pdf/","5","02/22/2019"
206,"IF11109","2/19/2019","Defense Health Primer: Contraceptive Services","https://crsreports.congress.gov/product/pdf/download/IF/IF11109/IF11109.pdf/","2","02/19/2019"
207,"IF11102","2/11/2019","Military Medical Malpractice and the Feres Doctrine","https://crsreports.congress.gov/product/pdf/download/IF/IF11102/IF11102.pdf/","4","02/12/2019"
208,"R44389","2/1/2019","General and Flag Officers in the U.S. Armed Forces: Background and Considerations for Congress","https://crsreports.congress.gov/product/pdf/download/R/R44389/R44389.pdf/","7","02/19/2016"
209,"IF11050","12/17/2018","New U.S. Policy Regarding Nuclear Exports to China ","https://crsreports.congress.gov/product/pdf/download/IF/IF11050/IF11050.pdf/","2","12/17/2018"
210,"RL31663","12/10/2018","Military Benefits for Former Spouses: Legislation and Policy Issues","https://crsreports.congress.gov/product/pdf/download/RL/RL31663/RL31663.pdf/","19","12/09/2004"
211,"R45421","12/4/2018","Congressional Oversight of Intelligence: Background and Selected Options for Further Reform","https://crsreports.congress.gov/product/pdf/download/R/R45421/R45421.pdf/","2","12/04/2018"
212,"TE10030","11/29/2018","Icebreaker Acquisition and the Need for a National Maritime Strategy","https://crsreports.congress.gov/product/pdf/download/TE/TE10030/TE10030.pdf/","2","11/29/2018"
213,"R45392","11/20/2018","U.S. Ground Forces Robotics and Autonomous Systems (RAS) and Artificial Intelligence (AI): Considerations for Congress","https://crsreports.congress.gov/product/pdf/download/R/R45392/R45392.pdf/","4","11/02/2018"
214,"IF10675","10/24/2018","Army Security Force Assistance Brigades (SFABs)","https://crsreports.congress.gov/product/pdf/download/IF/IF10675/IF10675.pdf/","3","06/15/2017"
215,"IF11006","10/18/2018","The National Counterintelligence and Security Center (NCSC): An Overview","https://crsreports.congress.gov/product/pdf/download/IF/IF11006/IF11006.pdf/","2","10/18/2018"
216,"R45343","10/16/2018","FY2019 National Defense Authorization Act: Selected Military Personnel Issues","https://crsreports.congress.gov/product/pdf/download/R/R45343/R45343.pdf/","2","10/16/2018"
217,"TE10029","10/11/2018","Building the Fleets of the Future: Coast Guard and NOAA Fleet Recapitalization","https://crsreports.congress.gov/product/pdf/download/TE/TE10029/TE10029.pdf/","2","10/11/2018"
218,"IF11002","10/10/2018","Defense Health Primer: TRICARE Extended Care Health Option (ECHO)","https://crsreports.congress.gov/product/pdf/download/IF/IF11002/IF11002.pdf/","2","10/11/2018"
219,"IF10999","10/9/2018","Defense's 30-Year Aircraft Plan Reveals New Details","https://crsreports.congress.gov/product/pdf/download/IF/IF10999/IF10999.pdf/","2","10/10/2018"
220,"RL30802","10/4/2018","Reserve Component Personnel Issues: Questions and Answers","https://crsreports.congress.gov/product/pdf/download/RL/RL30802/RL30802.pdf/","22","01/10/2005"
221,"IF10951","8/17/2018","Substance Abuse Prevention, Treatment, and Research Efforts in the Military","https://crsreports.congress.gov/product/pdf/download/IF/IF10951/IF10951.pdf/","3","08/17/2018"
222,"RL34327","8/9/2018","Proliferation Security Initiative (PSI)","https://crsreports.congress.gov/product/pdf/download/RL/RL34327/RL34327.pdf/","17","01/18/2008"
223,"IF10946","8/8/2018","The European Deterrence Initiative: A Budgetary Overview","https://crsreports.congress.gov/product/pdf/download/IF/IF10946/IF10946.pdf/","2","08/08/2018"
224,"IF10942","8/7/2018","FY2019 National Defense Authorization Act: An Overview of H.R. 5515	","https://crsreports.congress.gov/product/pdf/download/IF/IF10942/IF10942.pdf/","2","08/07/2018"
225,"R42755","8/1/2018","The Post-9/11 GI Bill: A Primer ","https://crsreports.congress.gov/product/pdf/download/R/R42755/R42755.pdf/","17","09/25/2012"
226,"IF10936","7/27/2018","FY2019 Defense Appropriations Bill: An Overview of S. 3159, as Reported","https://crsreports.congress.gov/product/pdf/download/IF/IF10936/IF10936.pdf/","2","07/27/2018"
227,"R43333","7/20/2018","Iran Nuclear Agreement and U.S. Exit","https://crsreports.congress.gov/product/pdf/download/R/R43333/R43333.pdf/","94","12/12/2013"
228,"IF10928","7/19/2018","FY2019 Defense Appropriations Bill: An Overview of House-passed H.R. 6157","https://crsreports.congress.gov/product/pdf/download/IF/IF10928/IF10928.pdf/","2","07/19/2018"
229,"LSB10171","7/18/2018","Military Commission Judges Do Not Have Unilateral Power to Punish for Contempt","https://crsreports.congress.gov/product/pdf/download/LSB/LSB10171/LSB10171.pdf/","2","07/18/2018"
230,"IF10709","7/11/2018","National Counterterrorism Center (NCTC)","https://crsreports.congress.gov/product/pdf/download/IF/IF10709/IF10709.pdf/","4","08/18/2017"
231,"R45252","7/9/2018","United States Special Operations Command Acquisition Authorities","https://crsreports.congress.gov/product/pdf/download/R/R45252/R45252.pdf/","5","07/09/2018"
232,"LSB10165","7/5/2018","Questions Remain, Litigation Continues, over Military Service by Transgender Individuals","https://crsreports.congress.gov/product/pdf/download/LSB/LSB10165/LSB10165.pdf/","2","07/05/2018"
233,"R44010","7/2/2018","Defense Acquisitions: How and Where DOD Spends Its Contracting Dollars","https://crsreports.congress.gov/product/pdf/download/R/R44010/R44010.pdf/","12","04/29/2015"
234,"IF10921","6/29/2018","FY2019 National Defense Authorization Act: An Overview of Senate Action","https://crsreports.congress.gov/product/pdf/download/IF/IF10921/IF10921.pdf/","2","06/29/2018"
235,"IF10527","6/27/2018","U.S. Intelligence Community Elements: Establishment Provisions","https://crsreports.congress.gov/product/pdf/download/IF/IF10527/IF10527.pdf/","5","12/06/2016"
236,"R44711","6/25/2018","Department of Defense Research, Development, Test, and Evaluation (RDT&E): Appropriations Structure ","https://crsreports.congress.gov/product/pdf/download/R/R44711/R44711.pdf/","4","12/14/2016"
237,"R45217","6/6/2018","FY2018 Military Construction Authorizations and Appropriations","https://crsreports.congress.gov/product/pdf/download/R/R45217/R45217.pdf/","6","06/06/2018"
238,"R45013","6/4/2018","FY2018 National Defense Authorization Act","https://crsreports.congress.gov/product/pdf/download/R/R45013/R45013.pdf/","10","11/08/2017"
239,"IF10891","5/22/2018","FY2019 National Defense Authorization Act: An Overview of H.R. 5515, as Reported","https://crsreports.congress.gov/product/pdf/download/IF/IF10891/IF10891.pdf/","2","05/22/2018"
240,"IF10887","5/9/2018","The FY2019 Defense Budget Request: An Overview","https://crsreports.congress.gov/product/pdf/download/IF/IF10887/IF10887.pdf/","2","05/09/2018"
241,"R44942","5/9/2018","U.S. Decision to Cease Implementing the Iran Nuclear Agreement","https://crsreports.congress.gov/product/pdf/download/R/R44942/R44942.pdf/","21","09/07/2017"
242,"IF10868","4/5/2018","FY2018 Defense Appropriations Act: An Overview","https://crsreports.congress.gov/product/pdf/download/IF/IF10868/IF10868.pdf/","2","04/05/2018"
243,"R45142","3/5/2018","Information Warfare: Issues for Congress","https://crsreports.congress.gov/product/pdf/download/R/R45142/R45142.pdf/","5","03/26/2018"
244,"RS22483","2/26/2018","Health Care for Dependents and Survivors of Veterans","https://crsreports.congress.gov/product/pdf/download/RS/RS22483/RS22483.pdf/","17","08/01/2006"
245,"R45110","2/21/2018","Defense Science and Technology Funding","https://crsreports.congress.gov/product/pdf/download/R/R45110/R45110.pdf/","6","02/20/2018"
246,"LSB10072","2/6/2018","Criminal Prohibitions on Disclosing the Identities of Covert Intelligence Assets","https://crsreports.congress.gov/product/pdf/download/LSB/LSB10072/LSB10072.pdf/","2","02/06/2018"
247,"R45091","2/1/2018","U.S. Security Assistance and Security Cooperation Programs: Overview of Funding Trends","https://crsreports.congress.gov/product/pdf/download/R/R45091/R45091.pdf/","3","02/06/2018"
248,"R45068","1/19/2018","Acquisition Reform in the FY2016-FY2018 National Defense Authorization Acts (NDAAs)","https://crsreports.congress.gov/product/pdf/download/R/R45068/R45068.pdf/","8","01/04/2018"
249,"R44923","12/14/2017","FY2018 National Defense Authorization Act: Selected Military Personnel Issues","https://crsreports.congress.gov/product/pdf/download/R/R44923/R44923.pdf/","10","08/22/2017"
250,"R43125","12/14/2017","Mixed-Oxide Fuel Fabrication Plant and Plutonium Disposition: Management and Policy Issues","https://crsreports.congress.gov/product/pdf/download/R/R43125/R43125.pdf/","15","06/27/2013"
251,"IF10790","12/13/2017","What Next for the Third Offset Strategy?","https://crsreports.congress.gov/product/pdf/download/IF/IF10790/IF10790.pdf/","3","12/13/2017"
252,"IF10365","11/17/2017","End-Year DOD Contract Spending","https://crsreports.congress.gov/product/pdf/download/IF/IF10365/IF10365.pdf/","6","02/25/2016"
253,"LSB10026","11/9/2017","Can Congress Limit the President's Power to Launch Nuclear Weapons?","https://crsreports.congress.gov/product/pdf/download/LSB/LSB10026/LSB10026.pdf/","2","11/09/2017"
254,"R44996","10/30/2017","Taiwan: Issues for Congress","https://crsreports.congress.gov/product/pdf/download/R/R44996/R44996.pdf/","5","10/30/2017"
255,"R44995","10/27/2017","Niger: Frequently Asked Questions About the October 2017 Attack on U.S. Soldiers","https://crsreports.congress.gov/product/pdf/download/R/R44995/R44995.pdf/","4","10/27/2017"
256,"R42785","10/6/2017","GI Bills Enacted Prior to 2008 and Related Veterans' Educational Assistance Programs: A Primer","https://crsreports.congress.gov/product/pdf/download/R/R42785/R42785.pdf/","12","10/24/2012"
257,"R44950","9/14/2017","Redeploying U.S. Nuclear Weapons to South Korea: Background and Implications in Brief","https://crsreports.congress.gov/product/pdf/download/R/R44950/R44950.pdf/","3","09/15/2017"
258,"R44454","6/28/2017","Defense: FY2017 Budget Request, Authorization, and Appropriations","https://crsreports.congress.gov/product/pdf/download/R/R44454/R44454.pdf/","7","04/12/2016"
259,"R44853","5/19/2017","Additional Troops for Afghanistan? Considerations for Congress","https://crsreports.congress.gov/product/pdf/download/R/R44853/R44853.pdf/","3","05/19/2017"
260,"R44508","5/18/2017","Fact Sheet: FY2017 National Defense Authorization Act (NDAA) DOD Reform Proposals","https://crsreports.congress.gov/product/pdf/download/R/R44508/R44508.pdf/","9","05/26/2016"
261,"RS21900","5/18/2017","The Protection of Classified Information: The Legal Framework","https://crsreports.congress.gov/product/pdf/download/RS/RS21900/RS21900.pdf/","17","08/05/2004"
262,"R44828","4/28/2017","The National Security Council: Background and Issues for Congress","https://crsreports.congress.gov/product/pdf/download/R/R44828/R44828.pdf/","3","04/28/2017"
263,"R44806","4/3/2017","The Trump Administration's March 2017 Defense Budget Proposals: Frequently Asked Questions","https://crsreports.congress.gov/product/pdf/download/R/R44806/R44806.pdf/","4","04/03/2017"
264,"R44531","3/28/2017","FY2017 Defense Appropriations Fact Sheet: Selected Highlights of H.R. 5293, S. 3000, and H.R. 1301","https://crsreports.congress.gov/product/pdf/download/R/R44531/R44531.pdf/","5","06/17/2016"
265,"IF10618","3/17/2017","Defense Primer: The National Defense Budget Function (050)","https://crsreports.congress.gov/product/pdf/download/IF/IF10618/IF10618.pdf/","2","03/17/2017"
266,"R41404","3/7/2017","Criminal Prohibitions on Leaks and Other Disclosures of Classified Defense Information","https://crsreports.congress.gov/product/pdf/download/R/R41404/R41404.pdf/","32","09/13/2010"
267,"IF10607","2/23/2017","South China Sea Disputes: Background and U.S. Policy","https://crsreports.congress.gov/product/pdf/download/IF/IF10607/IF10607.pdf/","2","02/24/2017"
268,"R44023","1/30/2017","The 2015 National Security Strategy: Authorities, Changes, Issues for Congress","https://crsreports.congress.gov/product/pdf/download/R/R44023/R44023.pdf/","15","05/11/2015"
269,"R44577","1/23/2017","FY2017 National Defense Authorization Act: Selected Military Personnel Issues","https://crsreports.congress.gov/product/pdf/download/R/R44577/R44577.pdf/","9","07/29/2016"
270,"R44741","1/18/2017","Selected Foreign Counterparts of U.S. Army Ground Combat Systems and Implications for Combat Operations and Modernization ","https://crsreports.congress.gov/product/pdf/download/R/R44741/R44741.pdf/","4","01/18/2017"
271,"R44725","1/5/2017","Statutory Restrictions on the Position of Secretary of Defense: Issues for Congress","https://crsreports.congress.gov/product/pdf/download/R/R44725/R44725.pdf/","5","01/05/2017"
272,"IF10575","1/3/2017","Human Rights Issues: Security Forces Vetting ('Leahy Laws')","https://crsreports.congress.gov/product/pdf/download/IF/IF10575/IF10575.pdf/","4","01/03/2017"
273,"IF10566","12/22/2016","DOD A-76 Competitions","https://crsreports.congress.gov/product/pdf/download/IF/IF10566/IF10566.pdf/","3","12/22/2016"
274,"R44716","12/19/2016","Conventional Arms Transfers to Developing Nations, 2008-2015","https://crsreports.congress.gov/product/pdf/download/R/R44716/R44716.pdf/","4","12/19/2016"
275,"R44137","11/17/2016","Naval Station Guantanamo Bay: History and Legal Issues Regarding Its Lease Agreements","https://crsreports.congress.gov/product/pdf/download/R/R44137/R44137.pdf/","7","08/05/2015"
276,"R43216","10/7/2016","Security Clearance Process: Answers to Frequently Asked Questions","https://crsreports.congress.gov/product/pdf/download/R/R43216/R43216.pdf/","7","09/09/2013"
277,"RL33548","9/1/2016","Comprehensive Nuclear-Test-Ban Treaty: Background and Current Developments","https://crsreports.congress.gov/product/pdf/download/RL/RL33548/RL33548.pdf/","69","07/17/2006"
278,"R44135","8/24/2016","Coalition Contributions to Countering the Islamic State","https://crsreports.congress.gov/product/pdf/download/R/R44135/R44135.pdf/","15","08/04/2015"
279,"RL34248","8/1/2016","Pakistan's Nuclear Weapons","https://crsreports.congress.gov/product/pdf/download/RL/RL34248/RL34248.pdf/","63","11/13/2007"
280,"R44578","7/29/2016","The Department of Defense Acquisition Workforce: Background, Analysis, and Questions for Congress","https://crsreports.congress.gov/product/pdf/download/R/R44578/R44578.pdf/","5","07/29/2016"
281,"R43480","7/14/2016","Iran-North Korea-Syria Ballistic Missile and Nuclear Cooperation","https://crsreports.congress.gov/product/pdf/download/R/R43480/R43480.pdf/","9","04/17/2014"
282,"RS22440","6/7/2016","Unemployment Compensation (Insurance) and Military Service","https://crsreports.congress.gov/product/pdf/download/RS/RS22440/RS22440.pdf/","28","05/08/2006"
283,"R44474","6/2/2016","Goldwater-Nichols at 30: Defense Reform and Issues for Congress","https://crsreports.congress.gov/product/pdf/download/R/R44474/R44474.pdf/","11","04/20/2016"
284,"R41293","5/12/2016","The Nunn-McCurdy Act: Background, Analysis, and Issues for Congress","https://crsreports.congress.gov/product/pdf/download/R/R41293/R41293.pdf/","20","06/21/2010"
285,"IF10392","4/19/2016","Foreign Military Sales Congressional Review Process","https://crsreports.congress.gov/product/pdf/download/IF/IF10392/IF10392.pdf/","3","04/19/2016"
286,"R44466","4/14/2016","Lethal Autonomous Weapon Systems: Issues for Congress","https://crsreports.congress.gov/product/pdf/download/R/R44466/R44466.pdf/","4","04/14/2016"
287,"R44457","4/13/2016","Surveillance of Foreigners Outside the United States Under Section 702 of the Foreign Intelligence Surveillance Act (FISA)","https://crsreports.congress.gov/product/pdf/download/R/R44457/R44457.pdf/","3","04/13/2016"
288,"R40138","4/11/2016","Amendments to the Foreign Intelligence Surveillance Act (FISA) Expiring on December 15, 2019","https://crsreports.congress.gov/product/pdf/download/R/R40138/R40138.pdf/","23","01/15/2009"
289,"R41386","3/11/2016","Veterans' Benefits: Burial Benefits and National Cemeteries","https://crsreports.congress.gov/product/pdf/download/R/R41386/R41386.pdf/","26","08/31/2010"
290,"R44366","2/5/2016","National Commission on the Future of the Army (NCFA): Background and Issues for Congress","https://crsreports.congress.gov/product/pdf/download/R/R44366/R44366.pdf/","3","02/05/2016"
291,"R44329","1/5/2016","Using Data to Improve Defense Acquisitions: Background, Analysis, and Questions for Congress","https://crsreports.congress.gov/product/pdf/download/R/R44329/R44329.pdf/","4","01/05/2016"
292,"IF10335","12/8/2015","DOD Domestic School System: Background and Issues","https://crsreports.congress.gov/product/pdf/download/IF/IF10335/IF10335.pdf/","2","12/08/2015"
293,"R44019","12/4/2015","Fact Sheet: Selected Highlights of the FY2016 Defense Budget Debate and the National Defense Authorization Acts (H.R. 1735 and S. 1356)","https://crsreports.congress.gov/product/pdf/download/R/R44019/R44019.pdf/","13","05/05/2015"
294,"R43143","11/23/2015","The Evolution of Cooperative Threat Reduction: Issues for Congress","https://crsreports.congress.gov/product/pdf/download/R/R43143/R43143.pdf/","8","07/11/2013"
295,"95-519","8/18/2015","Medal of Honor: History and Issues","https://crsreports.congress.gov/product/pdf/download/RL/95-519/95-519.pdf/","15","12/15/1998"
296,"R44157","8/18/2015","The Intelligence Community and Its Use of Contractors: Congressional Oversight Issues","https://crsreports.congress.gov/product/pdf/download/R/R44157/R44157.pdf/","3","08/19/2015"
297,"RL33192","8/18/2015","U.S.-China Nuclear Cooperation Agreement","https://crsreports.congress.gov/product/pdf/download/RL/RL33192/RL33192.pdf/","26","12/14/2005"
298,"RS22452","8/7/2015","A Guide to U.S. Military Casualty Statistics: Operation Freedom's Sentinel, Operation Inherent Resolve, Operation New Dawn, Operation Iraqi Freedom, and Operation Enduring Freedom","https://crsreports.congress.gov/product/pdf/download/RS/RS22452/RS22452.pdf/","32","06/09/2006"
299,"RS22406","7/31/2015","National Security Letters in Foreign Intelligence Investigations: A Glimpse at the Legal Background","https://crsreports.congress.gov/product/pdf/download/RS/RS22406/RS22406.pdf/","13","03/24/2006"
300,"RL33320","7/30/2015","National Security Letters in Foreign Intelligence Investigations: Legal Background","https://crsreports.congress.gov/product/pdf/download/RL/RL33320/RL33320.pdf/","18","03/24/2006"
301,"R44108","7/15/2015","U.S. Command and Control and Intelligence, Surveillance, and Reconnaissance Aircraft","https://crsreports.congress.gov/product/pdf/download/R/R44108/R44108.pdf/","7","07/16/2015"
302,"R44074","6/16/2015","Fact Sheet: Selected Highlights of the FY2016 Defense Appropriations Bills (H.R. 2685 and S. 1558)","https://crsreports.congress.gov/product/pdf/download/R/R44074/R44074.pdf/","3","06/16/2015"
303,"R44073","6/16/2015","The Addition of Trainers to Iraq: Background for Congress","https://crsreports.congress.gov/product/pdf/download/R/R44073/R44073.pdf/","4","06/16/2015"
304,"R44041","5/19/2015","Selected Issues in Homeland Security Policy for the 114th Congress","https://crsreports.congress.gov/product/pdf/download/R/R44041/R44041.pdf/","7","05/19/2015"
305,"R43955","3/27/2015","Cyberwarfare and Cyberterrorism: In Brief","https://crsreports.congress.gov/product/pdf/download/R/R43955/R43955.pdf/","4","03/25/2015"
306,"R43788","1/28/2015","Defense: FY2015 Authorization and Appropriations","https://crsreports.congress.gov/product/pdf/download/R/R43788/R43788.pdf/","12","11/17/2014"
307,"R43322","1/22/2015","National Security Letters: Proposals in the 113th Congress","https://crsreports.congress.gov/product/pdf/download/R/R43322/R43322.pdf/","7","11/25/2013"
308,"IF10040","1/9/2015","DOD Train and Equip Authorities to Counter the Islamic State","https://crsreports.congress.gov/product/pdf/download/IF/IF10040/IF10040.pdf/","6","01/09/2015"
309,"R43848","1/5/2015","Cyber Operations in DOD Policy and Plans: Issues for Congress","https://crsreports.congress.gov/product/pdf/download/R/R43848/R43848.pdf/","4","01/06/2015"
310,"R43647","12/11/2014","FY2015 National Defense Authorization Act: Selected Military Personnel Issues","https://crsreports.congress.gov/product/pdf/download/R/R43647/R43647.pdf/","6","07/16/2014"
311,"R41910","12/8/2014","Nuclear Energy Cooperation with Foreign Countries: Issues for Congress","https://crsreports.congress.gov/product/pdf/download/R/R41910/R41910.pdf/","12","07/12/2011"
312,"R43808","12/5/2014","Army Active Component (AC)/Reserve Component (RC) Force Mix: Considerations and Options for Congress","https://crsreports.congress.gov/product/pdf/download/R/R43808/R43808.pdf/","3","12/05/2014"
313,"R43433","9/15/2014","U.S.-Vietnam Nuclear Cooperation Agreement: Issues for Congress","https://crsreports.congress.gov/product/pdf/download/R/R43433/R43433.pdf/","14","03/24/2014"
314,"R41163","8/4/2014","The Military Commissions Act of 2009 (MCA 2009): Overview and Legal Issues","https://crsreports.congress.gov/product/pdf/download/R/R41163/R41163.pdf/","9","04/07/2010"
315,"R43618","6/24/2014","C-130 Hercules: Background, Sustainment, Modernization, Issues for Congress","https://crsreports.congress.gov/product/pdf/download/R/R43618/R43618.pdf/","8","06/25/2014"
316,"R43049","6/4/2014","U.S. Air Force Bomber Sustainment and Modernization: Background and Issues for Congress","https://crsreports.congress.gov/product/pdf/download/R/R43049/R43049.pdf/","6","04/25/2013"
317,"RL31133","4/18/2014","Declarations of War and Authorizations for the Use of Military Force: Historical Background and Legal Implications","https://crsreports.congress.gov/product/pdf/download/RL/RL31133/RL31133.pdf/","17","01/14/2003"
318,"R40932","3/21/2014","Comparison of Rights in Military Commission Trials and Trials in Federal Criminal Court","https://crsreports.congress.gov/product/pdf/download/R/R40932/R40932.pdf/","19","11/19/2009"
319,"RL34254","1/24/2014","Executive Order 13438: Blocking Property of Certain Persons Who Threaten Stabilization Efforts in Iraq","https://crsreports.congress.gov/product/pdf/download/RL/RL34254/RL34254.pdf/","15","11/19/2007"
320,"R42337","1/23/2014","Detention of U.S. Persons as Enemy Belligerents","https://crsreports.congress.gov/product/pdf/download/R/R42337/R42337.pdf/","17","02/03/2012"
321,"R43353","1/8/2014","Threats to U.S. National Security Interests in Space: Orbital Debris Mitigation and Removal","https://crsreports.congress.gov/product/pdf/download/R/R43353/R43353.pdf/","5","01/08/2014"
322,"R43134","9/4/2013","NSA Surveillance Leaks: Background and Issues for Congress","https://crsreports.congress.gov/product/pdf/download/R/R43134/R43134.pdf/","12","07/03/2013"
323,"R43074","5/17/2013","Department of Defense's Use of Contractors to Support Military Operations: Background, Analysis, and Issues for Congress","https://crsreports.congress.gov/product/pdf/download/R/R43074/R43074.pdf/","7","05/17/2013"
324,"R42336","5/1/2013","Terrorist Watch List Screening and Background Checks for Firearms","https://crsreports.congress.gov/product/pdf/download/R/R42336/R42336.pdf/","4","02/02/2012"
325,"RL34256","4/3/2013","North Korea's Nuclear Weapons: Technical Issues","https://crsreports.congress.gov/product/pdf/download/RL/RL34256/RL34256.pdf/","30","11/21/2007"
326,"R42849","12/6/2012","Iran's Ballistic Missile and Space Launch Programs","https://crsreports.congress.gov/product/pdf/download/R/R42849/R42849.pdf/","4","12/06/2012"
327,"RL31559","10/25/2012","Proliferation Control Regimes: Background and Status","https://crsreports.congress.gov/product/pdf/download/RL/RL31559/RL31559.pdf/","15","02/16/2005"
328,"RL34234","10/19/2012","Managing the Nuclear Fuel Cycle: Policy Implications of Expanding Global Access to Nuclear Power","https://crsreports.congress.gov/product/pdf/download/RL/RL34234/RL34234.pdf/","22","11/06/2007"
329,"RL31384","4/19/2012","V-22 Osprey Tilt-Rotor Aircraft Program","https://crsreports.congress.gov/product/pdf/download/RL/RL31384/RL31384.pdf/","29","01/07/2005"
330,"R41169","3/7/2012","Securing Nuclear Materials: The 2012 Summit and Issues for Congress","https://crsreports.congress.gov/product/pdf/download/R/R41169/R41169.pdf/","21","04/09/2010"
331,"R42136","1/3/2012","U.S. Unmanned Aerial Systems","https://crsreports.congress.gov/product/pdf/download/R/R42136/R42136.pdf/","6","01/06/2012"
332,"R41201","12/23/2011","Monitoring and Verification in Arms Control","https://crsreports.congress.gov/product/pdf/download/R/R41201/R41201.pdf/","9","04/23/2010"
333,"RL30624","10/19/2011","Navy F/A-18E/F and EA-18G Aircraft Program","https://crsreports.congress.gov/product/pdf/download/RL/RL30624/RL30624.pdf/","26","01/12/2005"
334,"R41891","6/24/2011","'Dirty Bombs': Background in Brief","https://crsreports.congress.gov/product/pdf/download/R/R41891/R41891.pdf/","4","06/24/2011"
335,"RL31502","11/30/2010","Nuclear, Biological, Chemical, and Missile Proliferation Sanctions: Selected Current Law","https://crsreports.congress.gov/product/pdf/download/RL/RL31502/RL31502.pdf/","8","01/24/2003"
336,"RL34051","4/26/2010","Long-Range Ballistic Missile Defense in Europe","https://crsreports.congress.gov/product/pdf/download/RL/RL34051/RL34051.pdf/","20","06/22/2007"
337,"IN11149","7/30/2019","Carbon Monoxide Detection Requirements for Military Housing","https://crsreports.congress.gov/product/pdf/download/IN/IN11149/IN11149.pdf/","3","07/26/2019"
338,"IN11115","5/10/2019","DOD's Proposal to Reduce Military Medical End Strength","https://crsreports.congress.gov/product/pdf/download/IN/IN11115/IN11115.pdf/","2","05/13/2019"
339,"IN11100","4/15/2019","U.S. Military Electronic Warfare Research and Development: Recent Funding Projections","https://crsreports.congress.gov/product/pdf/download/IN/IN11100/IN11100.pdf/","2","04/15/2019"
340,"IN11078","3/19/2019","Proposed Air Force Acquisition of New F-15EXs","https://crsreports.congress.gov/product/pdf/download/IN/IN11078/IN11078.pdf/","3","03/19/2019"
341,"IF11131","3/12/2019","Defense Primer: DOD Appropriated Fund Civilians","https://crsreports.congress.gov/product/pdf/download/IF/IF11131/IF11131.pdf/","3","03/12/2019"
342,"IN11052","2/20/2019","The Defense Department and 10 U.S.C. 284: Legislative Origins and Funding Questions","https://crsreports.congress.gov/product/pdf/download/IN/IN11052/IN11052.pdf/","5","02/20/2019"
343,"IN11032","2/1/2019","Evaluating Possible U.S. Troop Withdrawals from Hostile Areas","https://crsreports.congress.gov/product/pdf/download/IN/IN11032/IN11032.pdf/","2","02/01/2019"
344,"IN11031","2/1/2019","The U.S. Intelligence Community: Homeland Security Issues in the 116th Congress","https://crsreports.congress.gov/product/pdf/download/IN/IN11031/IN11031.pdf/","4","02/01/2019"
345,"IN10985","2/1/2019","U.S. Withdrawal from the INF Treaty","https://crsreports.congress.gov/product/pdf/download/IN/IN10985/IN10985.pdf/","5","10/23/2018"
346,"IN11027","1/29/2019","The Trump Administration's National Strategy for Counterterrorism: Homeland Security Issues in the 116th Congress","https://crsreports.congress.gov/product/pdf/download/IN/IN11027/IN11027.pdf/","5","01/29/2019"
347,"IN11019","1/17/2019","The U.S. Army and Multi-Domain Operations","https://crsreports.congress.gov/product/pdf/download/IN/IN11019/IN11019.pdf/","2","01/17/2019"
348,"IN11017","1/11/2019","Military Construction Funding in the Event of a National Emergency ","https://crsreports.congress.gov/product/pdf/download/IN/IN11017/IN11017.pdf/","4","01/11/2019"
349,"IN10990","12/12/2018","The DOD's JEDI Cloud Program","https://crsreports.congress.gov/product/pdf/download/IN/IN10990/IN10990.pdf/","6","11/05/2018"
350,"IN10889","9/10/2018","Army Futures Command (AFC)","https://crsreports.congress.gov/product/pdf/download/IN/IN10889/IN10889.pdf/","6","04/24/2018"
351,"IN10938","7/26/2018","Australia and New Zealand React to China's Growing Influence in the South Pacific","https://crsreports.congress.gov/product/pdf/download/IN/IN10938/IN10938.pdf/","2","07/26/2018"
352,"IN10931","7/18/2018","U.S. Army's Initial Maneuver, Short-Range Air Defense (IM-SHORAD) System","https://crsreports.congress.gov/product/pdf/download/IN/IN10931/IN10931.pdf/","2","07/18/2018"
353,"IF10347","7/12/2018","Military Transition Assistance Program (TAP): An Overview","https://crsreports.congress.gov/product/pdf/download/IF/IF10347/IF10347.pdf/","6","01/21/2016"
354,"IN10926","7/5/2018","NATO's 2018 Brussels Summit","https://crsreports.congress.gov/product/pdf/download/IN/IN10926/IN10926.pdf/","5","07/06/2018"
355,"IN10922","6/27/2018","TRICARE Modernization: Eligibility for the Federal Employee Dental and Vision Insurance Program","https://crsreports.congress.gov/product/pdf/download/IN/IN10922/IN10922.pdf/","3","06/27/2018"
356,"IF10911","6/19/2018","The Army's Modular Handgun Procurement","https://crsreports.congress.gov/product/pdf/download/IF/IF10911/IF10911.pdf/","3","06/19/2018"
357,"IN10881","4/6/2018","Cameroon's Anglophone Crisis: Recent Developments and Issues for Congress","https://crsreports.congress.gov/product/pdf/download/IN/IN10881/IN10881.pdf/","3","04/06/2018"
358,"IN10854","2/5/2018","New Nuclear Warheads: Legislative Provisions","https://crsreports.congress.gov/product/pdf/download/IN/IN10854/IN10854.pdf/","4","02/05/2018"
359,"IN10842","12/19/2017","The 2017 National Security Strategy: Issues for Congress","https://crsreports.congress.gov/product/pdf/download/IN/IN10842/IN10842.pdf/","4","12/19/2017"
360,"IN10818","11/16/2017","Contracting the Adversary","https://crsreports.congress.gov/product/pdf/download/IN/IN10818/IN10818.pdf/","4","11/16/2017"
361,"R44984","10/11/2017","Arms Sales in the Middle East: Trends and Analytical Perspectives for U.S. Policy","https://crsreports.congress.gov/product/pdf/download/R/R44984/R44984.pdf/","5","10/13/2017"
362,"IN10799","10/10/2017","The Army's Warfighter Information Network-Tactical (WIN-T) Program","https://crsreports.congress.gov/product/pdf/download/IN/IN10799/IN10799.pdf/","5","10/10/2017"
363,"IN10797","10/5/2017","Attack on U.S. Soldiers in Niger: Context and Issues for Congress","https://crsreports.congress.gov/product/pdf/download/IN/IN10797/IN10797.pdf/","4","10/06/2017"
364,"IN10776","9/11/2017","U.S. Air Force Pilot Shortage","https://crsreports.congress.gov/product/pdf/download/IN/IN10776/IN10776.pdf/","5","09/14/2017"
365,"IN10756","8/22/2017","Confederate Names and Military Installations ","https://crsreports.congress.gov/product/pdf/download/IN/IN10756/IN10756.pdf/","4","08/22/2017"
366,"IN10731","7/10/2017","The Nuclear Ban Treaty: An Overview","https://crsreports.congress.gov/product/pdf/download/IN/IN10731/IN10731.pdf/","6","07/03/2017"
367,"R44867","6/14/2017","Defining Readiness: Background and Issues for Congress","https://crsreports.congress.gov/product/pdf/download/R/R44867/R44867.pdf/","3","06/14/2017"
368,"IF10396","2/1/2017","Caregiver Support to Veterans","https://crsreports.congress.gov/product/pdf/download/IF/IF10396/IF10396.pdf/","5","04/25/2016"
369,"R42075","12/13/2016","Women in Combat: Issues for Congress","https://crsreports.congress.gov/product/pdf/download/R/R42075/R42075.pdf/","25","11/08/2011"
370,"TE10013","12/8/2016","Oversight Review of the U.S. Navy's Littoral Combat Ship (LCS) Program","https://crsreports.congress.gov/product/pdf/download/TE/TE10013/TE10013.pdf/","3","12/09/2016"
371,"R44673","11/1/2016","Security Cooperation: Comparison of Proposed Provisions for the FY2017 National Defense Authorization Act (NDAA)","https://crsreports.congress.gov/product/pdf/download/R/R44673/R44673.pdf/","6","11/01/2016"
372,"R44561","7/13/2016","Acquisition Reform in the House and Senate Versions of the FY2017 National Defense Authorization Act","https://crsreports.congress.gov/product/pdf/download/R/R44561/R44561.pdf/","5","07/13/2016"
373,"R44444","5/26/2016","Security Assistance and Cooperation: Shared Responsibility of the Departments of State and Defense","https://crsreports.congress.gov/product/pdf/download/R/R44444/R44444.pdf/","7","04/04/2016"
374,"R44498","5/13/2016","National Security Space Launch at a Crossroads","https://crsreports.congress.gov/product/pdf/download/R/R44498/R44498.pdf/","4","05/13/2016"
375,"R44496","5/10/2016","Military Officer Personnel Management: Key Concepts and Statutory Provisions","https://crsreports.congress.gov/product/pdf/download/R/R44496/R44496.pdf/","3","05/11/2016"
376,"R44229","4/5/2016","The Army's M-1 Abrams, M-2/M-3 Bradley, and M-1126 Stryker: Background and Issues for Congress","https://crsreports.congress.gov/product/pdf/download/R/R44229/R44229.pdf/","6","10/15/2015"
377,"R42340","2/23/2016","Health Care for Veterans: Suicide Prevention","https://crsreports.congress.gov/product/pdf/download/R/R42340/R42340.pdf/","13","02/07/2012"
378,"R44340","1/13/2016","Goldwater-Nichols and the Evolution of Officer Joint Professional Military Education (JPME)","https://crsreports.congress.gov/product/pdf/download/R/R44340/R44340.pdf/","4","01/13/2016"
379,"R44320","12/21/2015","Conventional Arms Transfers to Developing Nations, 2007-2014","https://crsreports.congress.gov/product/pdf/download/R/R44320/R44320.pdf/","4","12/23/2015"
380,"R44120","12/17/2015","FY2016 National Defense Authorization Act: Selected Military Personnel Issues","https://crsreports.congress.gov/product/pdf/download/R/R44120/R44120.pdf/","6","07/24/2015"
381,"R44305","12/17/2015","The Air Force Aviation Investment Challenge","https://crsreports.congress.gov/product/pdf/download/R/R44305/R44305.pdf/","8","12/11/2015"
382,"R43704","8/27/2015","Veterans Access, Choice, and Accountability Act of 2014 (H.R. 3230; P.L. 113-146)","https://crsreports.congress.gov/product/pdf/download/R/R43704/R43704.pdf/","11","09/03/2014"
383,"R44131","8/3/2015","History of the Navy UCLASS Program Requirements: In Brief","https://crsreports.congress.gov/product/pdf/download/R/R44131/R44131.pdf/","3","08/03/2015"
384,"R40227","7/21/2015","GAO Bid Protests: Trends and Analysis","https://crsreports.congress.gov/product/pdf/download/R/R40227/R40227.pdf/","25","02/18/2009"
385,"R44111","7/17/2015","Cyber Intrusion into U.S. Office of Personnel Management: In Brief","https://crsreports.congress.gov/product/pdf/download/R/R44111/R44111.pdf/","4","07/17/2015"
386,"RL32965","6/26/2015","Recruiting and Retention: An Overview of FY2013 and FY2014 Results for Active and Reserve Component Enlisted Personnel","https://crsreports.congress.gov/product/pdf/download/RL/RL32965/RL32965.pdf/","24","06/29/2005"
387,"R44047","5/22/2015","In Brief: Options to Help Meet a Congressional Requirement for Nuclear Weapon 'Pit' Production","https://crsreports.congress.gov/product/pdf/download/R/R44047/R44047.pdf/","3","05/22/2015"
388,"R44033","5/14/2015","Nuclear Weapon 'Pit' Production: Options to Help Meet a Congressional Requirement","https://crsreports.congress.gov/product/pdf/download/R/R44033/R44033.pdf/","4","05/14/2015"
389,"R43116","4/3/2015","Ballistic Missile Defense in the Asia-Pacific Region: Cooperation and Opposition","https://crsreports.congress.gov/product/pdf/download/R/R43116/R43116.pdf/","4","06/24/2013"
390,"R43547","3/11/2015","Veterans' Medical Care: FY2015 Appropriations","https://crsreports.congress.gov/product/pdf/download/R/R43547/R43547.pdf/","7","05/15/2014"
391,"R40941","3/9/2015","Health Care for Veterans: Traumatic Brain Injury","https://crsreports.congress.gov/product/pdf/download/R/R40941/R40941.pdf/","9","11/27/2009"
392,"R43843","1/5/2015","Proposed Retirement of A-10 Aircraft: Background in Brief","https://crsreports.congress.gov/product/pdf/download/R/R43843/R43843.pdf/","4","01/05/2015"
393,"RS22855","12/8/2014","Security Assistance Reform: 'Section 1206' Background and Issues for Congress ","https://crsreports.congress.gov/product/pdf/download/RS/RS22855/RS22855.pdf/","54","04/03/2008"
394,"R43790","11/18/2014","Veterans Exposed to Agent Orange: Legislative History, Litigation, and Current Issues","https://crsreports.congress.gov/product/pdf/download/R/R43790/R43790.pdf/","3","11/18/2014"
395,"IF10180","6/16/2014","U.S. Africa Command (AFRICOM) ","https://crsreports.congress.gov/product/pdf/download/IF/IF10180/IF10180.pdf/","2","04/10/2015"
396,"R43566","5/23/2014","Defense Acquisition Reform: Background, Analysis, and Issues for Congress","https://crsreports.congress.gov/product/pdf/download/R/R43566/R43566.pdf/","4","05/23/2014"
397,"RL34026","5/23/2014","Defense Acquisitions: How DOD Acquires Weapon Systems and Recent Efforts to Reform the Process","https://crsreports.congress.gov/product/pdf/download/RL/RL34026/RL34026.pdf/","20","06/04/2007"
398,"R43428","3/20/2014","U.S. Nuclear Weapon 'Pit' Production: Background and Options in Brief","https://crsreports.congress.gov/product/pdf/download/R/R43428/R43428.pdf/","4","03/20/2014"
399,"R41780","2/19/2014","The Federal Bureau of Investigation and Terrorism Investigations","https://crsreports.congress.gov/product/pdf/download/R/R41780/R41780.pdf/","19","04/28/2011"
400,"R43037","1/6/2014","Next Steps in Nuclear Arms Control with Russia: Issues for Congress","https://crsreports.congress.gov/product/pdf/download/R/R43037/R43037.pdf/","7","04/12/2013"
401,"R41701","5/3/2013","No-Fly Zones: Strategic, Operational, and Legal Considerations for Congress","https://crsreports.congress.gov/product/pdf/download/R/R41701/R41701.pdf/","12","03/18/2011"
402,"RS22763","4/6/2010","Air Force C-17 Aircraft Procurement: Background and Issues for Congress","https://crsreports.congress.gov/product/pdf/download/RS/RS22763/RS22763.pdf/","23","12/05/2007"
403,"RS22103","12/22/2009","VH-71/VXX Presidential Helicopter Program: Background and Issues for Congress","https://crsreports.congress.gov/product/pdf/download/RS/RS22103/RS22103.pdf/","20","04/04/2005"